Date,Price,Fund Return,FR-RF,Mkt-RF,ESG,SMB,HML,TSMOM,RMW,CMA,RF,QMJ,BAB,UMD,TSMOM,Carry,ESG,E,S,G
6/30/09,4.33534,0.010568058,1.0468058,0.43,-0.6365358,2.31,-2.72,1.50275031,-1.34,-0.31,0.01,3.080484584,9.101821003,5.427997725,1.50275031,2.04432,-0.6365358,3.7550033,-2.0560367,-3.1567275
7/31/09,4.681034,0.079738613,7.9638613,7.72,-2.326185,2.4,4.84,-3.384087086,-0.36,3.15,0.01,-4.390597919,-3.619406701,-4.658236442,-3.384087086,2.24746,-2.326185,-0.2213642,-0.119005,0.8318425
8/31/09,4.839713,0.03389828,3.379828,3.33,-2.7359433,-0.08,7.63,2.061929286,-2.92,3.3,0.01,-6.37256689,-2.273604166,-9.992603428,2.061929286,2.25042,-2.7359433,4.1527525,1.1111375,-0.0591208
9/30/09,5.055064,0.044496647,4.4396647,4.08,1.5599758,2.72,1.04,0.88800636,1.25,0.35,0.01,-2.516807902,-0.384255216,-5.373939827,0.88800636,0.97634,1.5599758,-2.6237508,-1.3384992,1.2785167
10/31/09,4.953055,-0.020179566,-2.0179566,-2.59,5.5239225,-4.92,-4.2,-2.305314755,4.17,-1.46,0,5.608828477,0.814698286,1.466946182,-2.305314755,-1.81824,5.5239225,-0.4506958,-0.2063675,2.5421908
11/30/09,5.242077,0.058352269,5.8352269,5.56,-0.3914275,-2.68,-0.33,4.344295286,0.98,0.11,0,-0.295726211,-1.203087431,1.389819419,4.344295286,0.6144,-0.3914275,-1.2374083,2.0875258,-0.6693483
12/31/09,5.338419,0.018378593,1.8278593,2.75,-0.0309575,6.24,-0.17,-1.511554245,1.05,-0.1,0.01,-0.355310363,0.940687239,2.092280526,-1.511554245,0.7834,-0.0309575,-0.3538292,1.7812533,1.1528142
1/31/10,5.246161,-0.017281896,-1.7281896,-3.36,-1.3690992,0.35,0.43,-4.633325109,-1.23,0.44,0,-0.480361178,1.005128099,-4.840264267,-4.633325109,1.81244,-1.3690992,-0.3491267,-1.9463492,-1.8947708
2/28/10,5.413164,0.031833373,3.1833373,3.4,-1.2559317,1.51,3.22,2.076070794,-0.28,1.4,0,-0.718328188,0.721818563,3.753112226,2.076070794,-0.27738,-1.2559317,0.0534242,-0.9351125,0.5553367
3/31/10,5.752925,0.062765695,6.2665695,6.31,-1.1033492,1.85,2.21,5.142048576,-0.63,1.67,0.01,-2.99963945,1.544272009,3.880306735,5.142048576,3.10172,-1.1033492,2.0364075,-0.7796817,-2.1646058
4/30/10,5.8681,0.020020251,1.9920251,2,-1.6123358,4.98,2.89,2.148777005,0.7,1.74,0.01,-3.527804865,1.485585241,2.547299049,2.148777005,0.04472,-1.6123358,-2.5660992,0.6442283,2.7588833
5/31/10,5.413164,-0.077526968,-7.7626968,-7.89,1.6467883,0.04,-2.44,-5.149217469,1.27,-0.23,0.01,2.44117674,-0.565103065,-0.466558082,-5.149217469,0.91052,1.6467883,-0.811515,-0.8329583,1.71609
6/30/10,5.107954,-0.056382921,-5.6482921,-5.57,0.5633958,-2.47,-4.7,1.177912617,-0.18,-1.55,0.01,2.632494353,2.309941418,-2.567992499,1.177912617,-0.41222,0.5633958,-1.1441875,-3.1227517,-1.1080317
7/31/10,5.447716,0.066516261,6.6416261,6.93,0.4684233,0.16,-0.3,-0.8803078,0.26,1.99,0.01,-1.900062201,-2.306663607,1.736794274,-0.8803078,-1.24336,0.4684233,-0.7020325,-2.8605958,0.8049767
8/31/10,5.182817,-0.048625699,-4.8725699,-4.77,0.9058508,-3.11,-1.96,5.780775158,0.58,-1.66,0.01,1.107998578,1.617344983,1.237404552,5.780775158,0.24198,0.9058508,-3.7002542,-3.1860475,-1.9452242
9/30/10,5.64927,0.089999898,8.9899898,9.54,-1.2325325,3.76,-3.17,1.169191852,-0.19,0.37,0.01,-0.299223045,-1.188257465,0.715307115,1.169191852,2.19916,-1.2325325,0.7832017,0.1839283,2.3208767
10/31/10,5.879618,0.040774826,4.0674826,3.88,0.9957625,0.86,-2.49,2.103197524,1.27,-0.31,0.01,0.269539278,2.061708549,1.05772691,2.103197524,0.88686,0.9957625,-0.6035392,-1.8206908,-1.8400492
11/30/10,5.908411,0.004897087,0.4797087,0.6,-2.5508467,3.66,-0.88,-0.688888049,0.4,1.51,0.01,-0.657055613,-0.513044153,2.344794657,-0.688888049,-0.8471,-2.5508467,-4.4200958,1.6021025,3.5308383
12/31/10,6.190586,0.047758187,4.7658187,6.82,-2.4195,0.98,3.78,4.525918281,-3.53,3.16,0.01,-4.631400332,-0.131193538,-2.80424536,4.525918281,0.62304,-2.4195,0.3834375,2.7777883,-0.0319158
1/31/11,6.381732,0.030876883,3.0776883,1.99,-0.7239183,-2.37,0.77,-0.671276907,-0.65,0.83,0.01,-0.803503573,3.020219235,-0.495160443,-0.671276907,-0.11582,-0.7239183,-0.839775,3.2880983,1.9224708
2/28/11,6.574763,0.030247431,3.0147431,3.49,-0.8206983,1.61,1.24,4.161477368,-1.93,0.87,0.01,-1.379716329,0.698054276,1.995991135,4.161477368,1.5853,-0.8206983,-2.3298858,0.8828992,0.288075
3/31/11,6.586461,0.001779228,0.1679228,0.46,0.4616883,2.64,-1.88,-1.636453741,1.79,0,0.01,1.271470226,0.42728217,2.873876428,-1.636453741,-1.34288,0.4616883,-2.1721375,-1.5628117,0.8128083
4/30/11,6.808741,0.033748017,3.3748017,2.9,3.4589675,-0.5,-2.48,5.135936556,1.08,-0.85,0,1.441648049,0.54860885,0.092700304,5.135936556,1.37666,3.4589675,-0.2227108,-2.9553808,2.1609125
5/31/11,6.738547,-0.010309395,-1.0309395,-1.27,0.313395,-0.71,-2,-1.224647078,1.88,-1.46,0,2.892977891,1.417710944,-0.4103368,-1.224647078,-0.78054,0.313395,1.3961233,-3.1171067,-1.2079825
6/30/11,6.621558,-0.017361161,-1.7361161,-1.75,1.6532033,0.13,-0.38,-2.422293107,2.44,-1.48,0,2.873573095,0.410826187,1.869861735,-2.422293107,0.37926,1.6532033,-0.604285,0.6972025,0.4056217
7/31/11,6.440226,-0.027385096,-2.7385096,-2.35,-3.0286525,-1.22,-0.91,1.875710851,2.73,-1.78,0,0.653620642,-0.411210033,0.826878809,1.875710851,0.09724,-3.0286525,-0.1811392,-1.5228033,0.8527733
8/31/11,6.060011,-0.059037524,-5.9137524,-5.99,2.515215,-3.22,-2.4,2.634213492,3.3,-0.31,0.01,5.954380634,0.757581275,0.048953585,2.634213492,-1.222,2.515215,-0.2531375,-4.0251233,-0.6402983
9/30/11,5.615457,-0.073358613,-7.3358613,-7.59,4.8643417,-3.67,-1.75,-9.458496117,2.03,0.21,0,6.572188013,2.035946281,-1.990362941,-9.458496117,-2.31006,4.8643417,3.3167358,-0.8092317,-0.8890708
10/31/11,6.28814,0.119791319,11.9791319,11.35,-3.7368917,3.48,0.12,-1.81187789,-2.14,-0.87,0,-4.185523281,-5.990872722,-1.318437169,-1.81187789,5.00456,-3.7368917,-2.5870333,2.5458308,-0.016575
11/30/11,6.311538,0.003720973,0.3720973,-0.28,-1.08995,-0.28,-0.46,2.466170856,1.83,1.51,0,3.056418016,0.616789857,3.922126897,2.466170856,-1.21662,-1.08995,-2.9509992,-3.2926225,-0.1414675
12/31/11,6.177002,-0.021315882,-2.1315882,0.74,0.3322617,-0.33,1.61,1.318321782,1.01,2.49,0,0.861725743,1.250209301,2.281144475,1.318321782,0.28238,0.3322617,1.4696583,-1.0233783,-1.0761167
1/31/12,6.590642,0.066964524,6.6964524,5.05,-2.0838567,2.07,-0.94,-0.623208665,-2.01,-1.46,0,-3.612174994,0.684720344,-7.024588103,-0.623208665,1.76888,-2.0838567,2.2236592,5.8726667,-1.86125
2/29/12,6.822834,0.035230559,3.5230559,4.42,-2.5619783,-1.71,0.43,-2.148795717,-0.47,-0.04,0,-0.89659042,2.563271149,-0.010211236,-2.148795717,1.29502,-2.5619783,3.8775042,-1.7799467,-1.42363
3/31/12,7.007396,0.027050636,2.7050636,3.11,-1.4002842,-0.49,1.12,0.209847916,-0.55,0.69,0,0.574034962,3.942259312,2.214812675,0.209847916,-0.14348,-1.4002842,6.7341925,-2.0010425,0.5690833
4/30/12,6.953814,-0.007646492,-0.7646492,-0.85,1.694925,-0.54,-0.77,3.649076402,1.31,0.69,0,0.494762818,2.896945024,3.264935269,3.649076402,-1.06916,1.694925,-1.266955,-1.2918317,1.0311542
5/31/12,6.495386,-0.065924685,-6.6024685,-6.19,1.5671075,-0.1,-1.06,10.72342152,2.1,2.34,0.01,3.12707624,2.34942522,6.791942417,10.72342152,-3.3191,1.5671075,-0.0560833,-2.583895,-0.6901442
6/30/12,6.685901,0.02933082,2.933082,3.89,-0.0517092,0.81,0.59,-6.360187517,-1.07,0.44,0,-0.618486252,1.070465278,-0.596109879,-6.360187517,2.79214,-0.0517092,-0.5421108,-0.6699467,-0.6516233
7/31/12,6.727577,0.006233416,0.6233416,0.79,0.5487975,-2.76,-0.12,1.813262411,1.13,0.03,0,0.637207839,1.057255993,3.158187126,1.813262411,2.13094,0.5487975,-1.4715367,0.5083025,0.5567592
8/31/12,6.90023,0.025663474,2.5563474,2.55,-0.0689033,0.45,1.3,-1.74694676,-1.33,-0.88,0.01,-0.540811097,-0.872378276,-2.717790661,-1.74694676,1.70094,-0.0689033,2.74223,2.64704,-2.1497433
9/30/12,7.055025,0.02243331,2.233331,2.73,-2.0673158,0.64,1.58,-3.761180117,-1.51,1.51,0.01,-1.195494956,0.774486791,-1.799204547,-3.761180117,1.0494,-2.0673158,-0.2634225,1.532505,1.4540325
10/31/12,6.977629,-0.010970337,-1.1070337,-1.76,-3.5789725,-0.91,3.56,-1.13961572,-1.34,2.55,0.01,-2.133461064,2.009801606,0.514286828,-1.13961572,0.00152,-3.5789725,-1.4234192,-0.0907967,-0.3859533
11/30/12,7.043118,0.009385566,0.9285566,0.78,-0.366355,0.44,-0.83,-0.264900134,0.65,0.86,0.01,1.297004888,-1.358089796,0.415727399,-0.264900134,1.29058,-0.366355,1.5841758,-1.6651225,-2.1886075
12/31/12,7.025257,-0.002535951,-0.2635951,1.18,-1.279745,1.92,3.53,1.038525071,-1.86,0.86,0.01,-2.433943977,-1.059351483,-2.048710534,1.038525071,0.42444,-1.279745,-0.4513617,3.0222333,-1.1204467
1/31/13,7.626757,0.085619644,8.5619644,5.57,-2.5863875,0.46,0.95,0.809576908,-1.93,1.43,0,-2.070508167,4.393573613,-0.974997123,0.809576908,1.07048,-2.5863875,-2.4530667,-1.1485742,0.1512467
2/28/13,7.754375,0.016732931,1.6732931,1.29,0.6675658,-0.29,0.1,1.866062035,-0.66,0.57,0,0.494449668,1.869720176,2.057578979,1.866062035,1.4644,0.6675658,0.6692142,-0.9570975,-0.9874675
3/31/13,8.112924,0.046238285,4.6238285,4.03,-1.0603467,0.87,-0.23,1.269830131,0.13,1.37,0,-0.435960136,2.333859097,1.832616189,1.269830131,-0.27046,-1.0603467,0.1337217,0.2466275,0.0432658
4/30/13,8.198004,0.010486971,1.0486971,1.55,-0.2319942,-2.24,0.5,6.076885231,0.27,0.39,0,-0.990792163,1.677056078,1.078809987,6.076885231,0.20936,-0.2319942,2.50109,-3.0219217,1.1294725
5/31/13,8.410702,0.025945096,2.5945096,2.8,1.0653667,2.08,2.67,-2.224366934,-1.99,-0.93,0,0.217369455,-1.500337186,-1.278230686,-2.224366934,-0.04198,1.0653667,3.4830267,3.5481283,-2.8590558
6/30/13,8.325622,-0.010115684,-1.0115684,-1.2,-0.9961475,1.56,0.05,0.531472007,-0.39,0.01,0,1.358378922,2.09087002,0.657264592,0.531472007,-1.19116,-0.9961475,-0.2240808,0.2879308,1.3598783
7/31/13,8.751019,0.051094921,5.1094921,5.65,-1.6062967,1.81,0.57,3.402208044,-1.35,0.53,0,-1.040945133,1.803798622,1.377711547,3.402208044,1.61164,-1.6062967,1.5696567,2.3793058,-1.8698142
8/31/13,8.477551,-0.031249846,-3.1249846,-2.71,1.7547525,-0.07,-2.68,-0.778663641,0.67,-2.16,0,0.870150202,-0.375546116,-0.414073429,-0.778663641,0.19584,1.7547525,-0.2765983,0.3599467,0.7885092
9/30/13,8.799637,0.037992812,3.7992812,3.77,-0.8110292,2.65,-1.23,-1.44524044,-0.56,-1.4,0,-0.831688503,0.764109431,3.098029508,-1.44524044,0.53426,-0.8110292,0.2572567,-1.0241708,-0.8211575
10/31/13,9.164262,0.041436368,4.1436368,4.18,1.1617708,-1.5,1.26,2.453962136,2.76,0.92,0,1.513419473,2.878368685,0.797442539,2.453962136,1.71766,1.1617708,0.2318742,-1.2340267,1.0870025
11/30/13,9.383036,0.023872517,2.3872517,3.13,-0.6720333,1.4,0.28,3.638301187,0.16,0.04,0,1.526057144,1.943423892,1.821374063,3.638301187,-1.0734,-0.6720333,3.53845,2.8510342,0.2407825
12/31/13,9.407345,0.002590739,0.2590739,2.81,0.8683142,-0.44,-0.01,1.936951759,-0.46,0.08,0,-1.434177393,0.268073018,1.136898859,1.936951759,-0.79098,0.8683142,-0.6124225,-0.415995,-0.6994908
1/31/14,9.290037,-0.012469831,-1.2469831,-3.32,-0.6907508,0.59,-2.02,-4.824889445,-3.88,-1.43,0,-3.657366257,2.046073548,0.760036185,-4.824889445,0.88116,-0.6907508,-0.6724167,0.9432433,-0.9162825
2/28/14,9.744272,0.048894854,4.8894854,4.65,0.2051642,0.16,-0.31,-0.869465284,-0.23,-0.48,0,-0.724249323,-0.178525469,1.342607874,-0.869465284,0.9269,0.2051642,-0.4207375,0.7200192,-0.0104942
3/31/14,9.806497,0.006385803,0.6385803,0.43,0.047995,-1.13,4.92,1.164568827,2.11,1.98,0,1.614876101,1.584023226,-1.939629977,1.164568827,0.51982,0.047995,-1.0196275,-1.1858867,0.8650042
4/30/14,9.837606,0.003172285,0.3172285,-0.19,2.0564433,-4.13,1.14,-0.072206283,3.45,1.03,0,0.362227529,0.208635793,-4.314370552,-0.072206283,0.54218,2.0564433,-3.5018725,-1.8015125,-0.8283667
5/31/14,10.074059,0.024035624,2.4035624,2.06,0.747155,-1.89,-0.13,-0.268123805,0.05,-1.01,0,0.215495833,1.067657553,1.182927876,-0.268123805,1.98424,0.747155,1.2461125,-0.66736,1.1971642
6/30/14,10.322953,0.024706427,2.4706427,2.61,-0.6655442,3.1,-0.69,2.437488031,-1.88,-1.99,0,-1.820472535,-0.38213416,0.609089453,2.437488031,0.3749,-0.6655442,-1.9002942,2.2449642,1.3630983
7/31/14,10.136283,-0.018083004,-1.8083004,-2.04,2.2570458,-4.28,0.02,-0.586154383,0.89,0.49,0,1.110846501,1.011514012,-0.077490335,-0.586154383,-0.59506,2.2570458,3.6825325,0.3492967,-1.5845
8/31/14,10.553181,0.041129278,4.1129278,4.24,0.1202083,0.3,-0.43,3.387584129,-0.62,-0.68,0,-0.260249321,1.7293056,0.96279138,3.387584129,0.97566,0.1202083,-0.12292,1.08125,-1.1560892
9/30/14,10.298063,-0.024174512,-2.4174512,-1.97,0.8333083,-3.73,-1.35,3.941104142,1.31,-0.5,0,3.568433254,2.467291838,1.112972308,3.941104142,-0.17586,0.8333083,3.7610742,-1.9768433,-3.5909633
10/31/14,10.52207,0.021752343,2.1752343,2.52,0.6880533,3.75,-1.83,0.840504789,-0.48,-0.12,0,4.248473791,2.088104794,-0.146463759,0.840504789,-1.024,0.6880533,3.4851925,-1.8946583,-7.0176675
11/30/14,10.72741,0.019515171,1.9515171,2.55,1.3657583,-2.26,-3.09,8.480329611,1.54,0.25,0,2.793055836,2.364990113,0.886206115,8.480329611,0.67086,1.3657583,5.5120475,-0.360615,-2.6687533
12/31/14,10.44118,-0.026682116,-2.6682116,-0.06,-1.4995058,2.87,2.27,4.584863133,-1.22,0.95,0,0.244737861,0.283040902,1.084686448,4.584863133,-2.35314,-1.4995058,-0.667505,3.260375,-1.0953733
1/31/15,10.35386,-0.008363039,-0.8363039,-3.11,0.0254508,-0.9,-3.61,12.94912388,1.64,-1.68,0,-1.104141606,2.627117095,5.3453699,12.94912388,-0.02306,0.0254508,-1.3698833,-3.1476367,-1.4181025
2/28/15,10.915598,0.054253969,5.4253969,6.13,-0.2807433,0.3,-1.86,-2.405418353,-1.12,-1.78,0,0.478518599,-2.069760247,-3.255226316,-2.405418353,2.39184,-0.2807433,4.0218358,0.4692125,-0.1466408
3/31/15,10.794313,-0.011111164,-1.1111164,-1.12,-2.0563258,3.1,-0.41,5.858350222,0.15,-0.54,0,0.110926473,1.406169955,3.423543564,5.858350222,1.06206,-2.0563258,0.4033567,3.2549283,-2.1895333
4/30/15,10.78793,-0.00059133,-0.059133,0.59,2.0542875,-3.07,1.83,-6.5851652,0.01,-0.64,0,-1.112727589,-2.162725132,-7.889063688,-6.5851652,-0.19822,2.0542875,-0.9231458,-0.3960967,7.0843992
5/31/15,10.896448,0.010059205,1.0059205,1.36,-0.2559833,0.82,-1.12,1.395542571,-1.77,-0.72,0,0.263546161,2.672490123,6.40387924,1.395542571,0.15514,-0.2559833,4.1625592,-0.1043142,-4.5099842
6/30/15,10.666645,-0.021089717,-2.1089717,-1.53,-1.9411225,2.89,-0.78,-5.779327993,0.43,-1.56,0,2.451910678,1.969596742,3.412953851,-5.779327993,-3.47188,-1.9411225,3.2890975,-0.169385,-1.9460867
7/31/15,10.832614,0.015559625,1.5559625,1.54,-2.8371625,-4.58,-4.07,8.74038404,0.34,-2.47,0,1.860524639,5.497710205,10.40998349,8.74038404,1.91578,-2.8371625,5.3260867,-4.3095083,-2.3842558
8/31/15,10.194275,-0.058927513,-5.8927513,-6.04,-0.0829442,0.27,2.8,-1.765704237,0.64,1.27,0,1.825063309,-1.535228095,-1.702549213,-1.765704237,-3.16442,-0.0829442,-1.8212583,-0.575945,0.5492483
9/30/15,9.894257,-0.029430048,-2.9430048,-3.07,1.8774442,-2.78,0.58,3.058315125,1.83,-0.57,0,5.606555699,5.639492702,7.082867679,3.058315125,-0.97098,1.8774442,2.7057467,-3.2355858,1.4063233
10/31/15,10.666645,0.078064275,7.8064275,7.75,0.5633967,-2.06,-0.45,-0.661309877,0.86,0.53,0,0.230149333,-1.034433964,-2.978102395,-0.661309877,2.25882,0.5633967,-0.4362908,-3.6427325,3.9352867
11/30/15,10.704947,0.00359082,0.359082,0.56,0.2610683,3.31,-0.38,4.290957175,-2.72,-1.02,0,0.734892236,1.339930579,2.880363836,4.290957175,1.81702,0.2610683,1.8648217,3.8453308,0.00837833
12/31/15,9.907022,-0.074537968,-7.4637968,-2.17,-0.5074117,-2.97,-2.59,-0.357731731,0.47,0.02,0.01,1.294354256,2.573891511,4.017783974,-0.357731731,0.38648,-0.5074117,2.7961733,-2.371105,-1.808705
1/31/16,9.858377,-0.004910154,-0.5010154,-5.77,1.1446708,-3.42,2.07,2.881698379,2.81,3.09,0.01,7.857361345,0.721399413,2.559928988,2.881698379,0.63364,1.1446708,-1.9587783,-5.9022358,-1.4869525
2/29/16,9.898754,0.004095705,0.3895705,-0.08,2.5078225,0.93,-0.57,1.697063336,3.32,1.96,0.02,2.292412477,-0.607641608,-4.787596972,1.697063336,1.58226,2.5078225,-3.0770633,-0.9726125,-2.1308075
3/31/16,10.618786,0.07273966,7.253966,6.96,2.5660067,1.01,1.1,-5.237201003,0.73,-0.02,0.02,-2.230542942,-2.433818504,-5.394362148,-5.237201003,-0.13266,2.5660067,-1.7730692,0.6308525,2.7036092
4/30/16,10.719726,0.009505795,0.9405795,0.92,-2.9043617,1.15,3.21,-4.808967047,-2.92,1.89,0.01,-4.921783193,-2.611953275,-6.102589173,-4.808967047,0.0891,-2.9043617,-4.0464133,2.5355267,5.271435
5/31/16,10.874497,0.014437962,1.4337962,1.78,-1.1118417,-0.64,-1.65,1.176454672,-1.09,-2.49,0.01,0.526482494,2.22755777,2.388337147,1.176454672,0.89828,-1.1118417,2.8638917,1.1018142,0.4892675
6/30/16,10.881227,0.000618879,0.0418879,-0.05,0.6606217,0.43,-1.45,7.082430627,1.46,1.94,0.02,0.771703495,2.893925588,4.845833491,7.082430627,-0.06896,0.6606217,-4.9939358,-3.690975,0.3965408
7/31/16,11.305171,0.038961047,3.8761047,3.95,0.4643992,2.49,-1.29,-0.845000023,1.25,-1.17,0.02,-0.097670523,2.32770773,-2.506774481,-0.845000023,3.03124,0.4643992,3.7763233,3.0238,-1.283525
8/31/16,11.392652,0.00773814,0.753814,0.5,0.4284425,1.69,3.11,-1.696748927,-1.89,-0.34,0.02,0.173065682,-1.84161146,-3.480386012,-1.696748927,0.1188,0.4284425,1.8065725,0.9234758,0.7898217
9/30/16,11.392652,0,-0.02,0.25,-0.0452958,1.87,-1.21,1.316742378,-2.23,0.02,0.02,-3.144950259,-0.165754008,-0.316262118,1.316742378,-0.64778,-0.0452958,-1.2727533,-0.467505,1.7101967
10/31/16,11.136938,-0.02244552,-2.264552,-2.02,1.7342583,-4.05,4.12,-3.46826245,0.96,0.23,0.02,2.796980871,1.099780701,0.452196992,-3.46826245,1.0793,1.7342583,1.9624975,-3.6525708,1.2396383
11/30/16,11.641633,0.045317214,4.5217214,4.86,-2.0091608,7.03,8.21,-4.935047765,-0.17,3.7,0.01,0.619131617,-1.62424865,-3.798793485,-4.935047765,1.45066,-2.0091608,-1.0135067,6.7965958,1.0299783
12/31/16,11.103292,-0.046242739,-4.6542739,1.82,0.7845542,0.4,3.6,-4.033866532,1.24,-0.23,0.03,1.543026827,3.764882735,-0.525471417,-4.033866532,0.1318,0.7845542,0.0217475,-0.98401,0.0704892
1/31/17,12.080273,0.08799021,8.759021,1.94,0.4976308,-1.42,-2.74,0.442382905,-0.5,-0.98,0.04,-2.608835129,0.070509604,-0.313186369,0.442382905,0.4445,0.4976308,1.9179158,-0.6246492,1.1119508
2/28/17,12.468337,0.032123777,3.1723777,3.57,1.1828475,-2.23,-1.67,3.956472738,0.43,-1.84,0.04,1.287128499,1.865686721,-1.70284561,3.956472738,1.6782,1.1828475,3.963685,-2.1861525,-3.0681708
3/31/17,12.461151,-0.00057634,-0.087634,0.17,1.3374767,0.74,-3.33,-1.727456822,0.63,-0.94,0.03,0.821745724,1.330376496,-0.875173095,-1.727456822,1.63096,1.3374767,0.174255,-1.8273858,0.0117925
4/30/17,12.626436,0.013264024,1.2764024,1.09,0.1014125,0.47,-2.13,-2.444220609,1.92,-1.62,0.05,2.415393284,2.046784537,0.134836292,-2.444220609,0.1351,0.1014125,1.4067642,-0.3267042,-0.2472692
5/31/17,12.798909,0.013659674,1.3059674,1.06,3.23629,-3.03,-3.75,0.560113968,0.95,-1.8,0.06,2.25928166,2.294135909,1.939424123,0.560113968,0.79686,3.23629,1.7869033,-3.8424192,-0.0799992
6/30/17,12.935452,0.010668331,1.0068331,0.78,-1.494705,2.57,1.49,-1.07887834,-2.26,0,0.06,-1.390983532,-0.026413213,-0.378499896,-1.07887834,-1.41946,-1.494705,1.672225,1.0920842,-3.7658425
7/31/17,13.19416,0.01999992,1.929992,1.87,0.910675,-1.62,-0.22,-0.143790446,-0.59,-0.15,0.07,-0.714879722,0.188442743,1.862643921,-0.143790446,-0.50626,0.910675,1.4398917,3.93246,1.0478208
8/31/17,13.143854,-0.003812747,-0.4712747,0.16,2.5496958,-1.82,-2.07,-0.348514688,0.12,-2.35,0.09,-0.334584593,-0.083218884,3.21939513,-0.348514688,2.09522,2.5496958,1.2828225,-0.3349092,-1.4326625
9/30/17,13.503173,0.027337416,2.6437416,2.51,-2.24395,4.74,3.09,2.150986104,-1.5,1.63,0.09,-0.333887185,-0.191250243,-1.444545525,2.150986104,0.29612,-2.24395,-2.9448892,2.8989258,1.5009075
10/31/17,13.790627,0.021287885,2.0387885,2.25,3.04212,-1.95,0.22,2.424441679,0.85,-3.23,0.09,2.159701636,0.262942881,5.408748981,2.424441679,2.33016,3.04212,1.3752142,2.36463,2.8652592
11/30/17,14.17869,0.02813962,2.733962,3.12,-1.6665908,-0.35,-0.05,-1.382664051,3.17,-0.1,0.08,2.25690507,1.997585963,-0.018041911,-1.382664051,-0.04032,-1.6665908,0.2098283,-0.74978,-0.1601825
12/31/17,13.783441,-0.027876271,-2.8776271,1.06,-1.6049375,-1.07,0.03,4.28796167,0.75,1.66,0.09,-1.560124626,0.476583151,-2.404780536,4.28796167,0.80352,-1.6049375,-0.8567133,-2.4018125,0.477915
1/31/18,15.11944,0.096927828,9.5827828,5.58,0.420215,-3.25,-1.36,1.672160363,-0.72,-1.01,0.11,0.896554228,-0.038106324,3.689327397,1.672160363,-1.057534199,0.420215,4.5588258,3.3935708,6.1400858
2/28/18,14.528722,-0.039070098,-4.0170098,-3.65,3.6912808,0.32,-1.03,-5.457861467,0.56,-2.32,0.11,1.686518862,-1.948468539,4.054999706,-5.457861467,-1.763994094,3.6912808,4.3850083,2.6113692,0.2226308
3/31/18,14.311875,-0.014925401,-1.6125401,-2.35,-0.7408533,3.59,-0.23,-1.340075219,-0.48,0,0.12,-0.261475727,2.460876506,-0.954559476,-1.340075219,0.578921858,-0.7408533,-3.4614867,-1.6025775,1.5084133
4/30/18,14.341785,0.002089873,0.0689873,0.29,-1.038615,0.91,0.48,0.95359698,-2.41,1.26,0.14,-1.426706314,0.087941707,-1.222732278,0.95359698,2.490487436,-1.038615,-2.43539,6.129195,5.9387308
5/31/18,14.625929,0.019812318,1.8412318,2.65,1.1174375,4.79,-3.13,-2.109834487,-2.05,-1.48,0.14,-0.59409232,0.618655163,2.473911737,-2.109834487,0.558115901,1.1174375,-0.66537,2.1006225,2.1007533
6/30/18,14.700703,0.005112427,0.3712427,0.48,-1.2036575,0.81,-2.33,-0.073753614,0.82,0.21,0.14,0.773063056,2.423173856,-2.24042189,-0.073753614,1.473208092,-1.2036575,0.2968533,-0.0371092,1.0223008
7/31/18,15.201694,0.034079391,3.2479391,3.19,2.815055,-1.95,0.45,-0.276680264,1.53,0.36,0.16,1.523340371,-0.368532082,-1.434563483,-0.276680264,-0.860237406,2.815055,0.2435592,0.0868542,-2.0117392
8/31/18,15.695207,0.032464342,3.0864342,3.44,2.2157183,0.63,-3.98,2.74199598,-0.29,-2.64,0.16,0.382543491,-1.225661414,4.810672811,2.74199598,-0.273265792,2.2157183,4.6277983,7.4072517,2.2886775
9/30/18,15.702685,0.000476451,-0.1023549,0.06,0.6599042,-2.5,-1.7,-1.483479377,0.67,1.28,0.15,0.270556135,-0.617811734,0.128755502,-1.483479377,0.680773897,0.6599042,0.2152017,-0.5634583,0.4664483
10/31/18,14.506289,-0.076190537,-7.8090537,-7.68,0.4624725,-4.5,3.43,-0.533356342,1,3.54,0.19,3.644601818,2.115598337,-1.419316669,-0.533356342,-1.533564847,0.4624725,1.73875,-5.6713083,-2.89703
11/30/18,14.887639,0.026288598,2.4488598,1.69,-1.6970983,-0.76,0.26,-2.557524857,-0.62,0.4,0.18,2.209989817,-0.100485049,-0.981235788,-2.557524857,-2.600128149,-1.6970983,-1.8553633,1.4213442,-0.3405017
12/31/18,12.382689,-0.168257035,-17.0157035,-9.55,1.3719492,-2.91,-1.9,-0.449451577,-0.03,0.2,0.19,1.460813081,-0.039520272,2.501588205,-0.449451577,-3.421279815,1.3719492,-0.1905742,2.66303,-0.6079133
1/31/19,14.677159,0.185296586,18.3196586,8.41,-2.29757,3.01,-0.44,-6.057801073,-0.78,-1.53,0.21,-3.649077207,-0.641835476,-7.126306016,-6.057801073,1.301733937,-2.29757,0.7356,0.2627942,1.7763333
2/28/19,15.215919,0.036707376,3.4907376,3.4,1.5865667,1.73,-2.68,-0.481676929,0.21,-1.61,0.18,-0.24329846,0.013440464,0.349542782,-0.481676929,2.4014568,1.5865667,0.7253492,-1.5488892,-2.4553458
3/31/19,15.40367,0.012339117,1.0439117,1.1,3.1336725,-3.46,-4.05,5.797930004,0.78,-0.99,0.19,-0.869827814,0.282655648,2.806001102,5.797930004,-0.975908348,3.1336725,-0.5788625,-1.4485042,0.7149233
,,,,,,,,,,,,,,,,,,,,
,,,,,,,,,,,,,,,,,,,,
,,,,,,,,,,,,,,,,,,,,
,,,,,,,,,,,,,,,,,,,,
,,,,,,,,,,,,,,,,,,,,
,,,,,,,,,,,,,,,,,,,,
,,,,,,,,,,,,,,,,,,,,
,,,,,,,,,,,,,,,,,,,,
,,,,,,,,,,,,,,,,,,,,
,,,,,,,,,,,,,,,,,,,,
,,,,,,,,,,,,,,,,,,,,
,,,,,,,,,,,,,,,,,,,,
,,,,,,,,,,,,,,,,,,,,
,,,,,,,,,,,,,,,,,,,,
,,,,,,,,,,,,,,,,,,,,
,,,,,,,,,,,,,,,,,,,,
,,,,,,,,,,,,,,,,,,,,
,,,,,,,,,,,,,,,,,,,,
,,,,,,,,,,,,,,,,,,,,
,,,,,,,,,,,,,,,,,,,,
,,,,,,,,,,,,,,,,,,,,
,,,,,,,,,,,,,,,,,,,,
,,,,,,,,,,,,,,,,,,,,
,,,,,,,,,,,,,,,,,,,,
,,,,,,,,,,,,,,,,,,,,
,,,,,,,,,,,,,,,,,,,,
,,,,,,,,,,,,,,,,,,,,
,,,,,,,,,,,,,,,,,,,,
,,,,,,,,,,,,,,,,,,,,
,,,,,,,,,,,,,,,,,,,,
,,,,,,,,,,,,,,,,,,,,
,,,,,,,,,,,,,,,,,,,,